<?xml version="1.0" encoding="UTF-8"?>
<project-private xmlns="http://www.netbeans.org/ns/project-private/1">
    <editor-bookmarks xmlns="http://www.netbeans.org/ns/editor-bookmarks/2" lastBookmarkId="0"/>
    <open-files xmlns="http://www.netbeans.org/ns/projectui-open-files/2">
        <group>
            <file>file:/Users/macstudent/Desktop/Day2JavaProgramming_ClassActivity/src/ReservationSystem/BookTicket.java</file>
            <file>file:/Users/macstudent/Desktop/Day2JavaProgramming_ClassActivity/src/ReservationSystem/TenSeatsPlane.java</file>
            <file>file:/Users/macstudent/Desktop/Day2JavaProgramming_ClassActivity/src/ReservationSystem/BigPlane.java</file>
        </group>
    </open-files>
</project-private>
